公司名,网站,联系邮箱,主要产品,来源,国家
Ayamaxon,Amazon Store,info@ayamaxon.com,Aquarium UV Lamp,Amazon/eBay,China
Harune,Amazon Store,support@harune.com,Aquarium UV Lamp,Amazon/eBay,China
AQQA,Amazon Store,aqqa_service@outlook.com,Aquarium UV Lamp,Amazon/eBay,China
Aquatop,https://www.aquatop.com,support@aquatop.com,Aquarium UV Lamp,Brand Site,USA
JBL,https://www.jbl.de,info@jbl.de,Aquarium UV Lamp,Brand Site,Germany
Sera,https://www.sera.de,info@sera.de,Aquarium UV Lamp,Brand Site,Germany
Pentair Aquatics,https://www.pentair.com,sales@pentair.com,Aquarium UV Lamp,Brand Site,USA
Aqua Ultraviolet,https://aquaultraviolet.com,info@aquaultraviolet.com,Aquarium UV Lamp,Brand Site,USA
Lifegard Aquatics,https://lifegardaquatics.com,info@lifegardaquatics.com,Aquarium UV Lamp,Brand Site,USA
Ista,http://www.istaproducts.com,info@istaproducts.com,Aquarium UV Lamp,Brand Site,Taiwan
TMC (Tropical Marine Centre),https://www.tropicalmarinecentre.co.uk,info@tmc-ltd.co.uk,Aquarium UV Lamp,Brand Site,UK
Hozelock,https://www.hozelock.com,info@hozelock.com,Aquarium UV Lamp,Brand Site,UK
Oase,https://www.oase.com,info@oase.com,Aquarium UV Lamp,Brand Site,Germany
Laguna,https://lagunaponds.com,info@lagunaponds.com,Aquarium UV Lamp,Brand Site,Canada
Blagdon,https://www.blagdonwatergardening.co.uk,info@blagdonwatergardening.co.uk,Aquarium UV Lamp,Brand Site,UK
All Pond Solutions,https://www.allpondsolutions.co.uk,info@allpondsolutions.co.uk,Aquarium UV Lamp,Brand Site,UK
Pawfly,https://pawflys.com,customers@pawflys.com,Aquarium UV Lamp,Brand Site,USA/China
Jebao,http://www.jebao.com,sales@jebao.com,Aquarium UV Lamp,Brand Site,China
Boyu,http://www.china-boyu.com,sales@china-boyu.com,Aquarium UV Lamp,Brand Site,China
Resun,http://www.resun-china.com,sales@resun-china.com,Aquarium UV Lamp,Brand Site,China
Hailea,http://www.hailea.com,info@hailea.com,Aquarium UV Lamp,Brand Site,China
Sicce,https://www.sicce.com,info@sicce.com,Aquarium UV Lamp,Brand Site,Italy
Hydor,https://www.hydor.com,info@hydor.com,Aquarium UV Lamp,Brand Site,Italy
Cobalt Aquatics,https://www.cobaltaquatics.com,info@cobaltaquatics.com,Aquarium UV Lamp,Brand Site,USA
Innovative Marine,https://www.innovative-marine.com,info@innovative-marine.com,Aquarium UV Lamp,Brand Site,USA
Red Sea,https://www.redseafish.com,info@redseafish.com,Aquarium UV Lamp,Brand Site,Israel
Tunze,https://www.tunze.com,info@tunze.com,Aquarium UV Lamp,Brand Site,Germany
Upettools,https://upettools.com,service@upettools.com,Aquarium UV Lamp,Brand Site,China
COODIA,Amazon Store,coodia_service@163.com,Aquarium UV Lamp,Amazon/eBay,China
Gankace,Amazon Store,gankace@outlook.com,Aquarium UV Lamp,Amazon/eBay,China
GRECH,http://www.grechaquarium.com,info@grechaquarium.com,Aquarium UV Lamp,Brand Site,China
Kichis,Amazon Store,kichis_support@163.com,Aquarium UV Lamp,Amazon/eBay,China
Sobo,http://www.sobo-china.com,sales@sobo-china.com,Aquarium UV Lamp,Brand Site,China
Atman,http://www.atman.cn,info@atman.cn,Aquarium UV Lamp,Brand Site,China
Dophin,http://www.kwzone.com,info@kwzone.com,Aquarium UV Lamp,Brand Site,Malaysia
Periha,http://www.periha.com,sales@periha.com,Aquarium UV Lamp,Brand Site,China
Odyssea,Amazon Store,info@odyssea.com,Aquarium UV Lamp,Amazon/eBay,China
Aquaneat,Amazon Store,service@aquaneat.com,Aquarium UV Lamp,Amazon/eBay,China
Kessil,https://www.kessil.com,kessil@kessil.com,Aquarium UV Lamp,Brand Site,USA
Ecotech Marine,https://ecotechmarine.com,support@ecotechmarine.com,Aquarium UV Lamp,Brand Site,USA
Neptune Systems,https://www.neptunesystems.com,support@neptunesystems.com,Aquarium UV Lamp,Brand Site,USA
GHL,https://www.ghl-direct.com,info@ghl-kl.de,Aquarium UV Lamp,Brand Site,Germany
Seneye,https://www.seneye.com,info@seneye.com,Aquarium UV Lamp,Brand Site,UK
Milwaukee Instruments,https://milwaukeeinstruments.com,info@milwaukeeinstruments.com,Aquarium UV Lamp,Brand Site,USA/Hungary
Hanna Instruments,https://www.hannainst.com,sales@hannainst.com,Aquarium UV Lamp,Brand Site,USA/Italy
Salifert,http://www.salifert.com,info@salifert.com,Aquarium UV Lamp,Brand Site,Netherlands
Tropic Marin,https://www.tropic-marin.com,info@tropic-marin.com,Aquarium UV Lamp,Brand Site,Germany
Brightwell Aquatics,https://www.brightwellaquatics.com,info@brightwellaquatics.com,Aquarium UV Lamp,Brand Site,USA
Seachem,https://www.seachem.com,support@seachem.com,Aquarium UV Lamp,Brand Site,USA
KaveMan Aquatics,Amazon Influencer,kavemanaquatics@gmail.com,Aquarium UV Lamp,Social/Amazon,USA
Orlushy,Amazon Store,support@orlushy.com,Aquarium Heater,Amazon/eBay,China
AQUASMITH,Amazon Store,aquasmith_service@outlook.com,Aquarium Heater,Amazon/eBay,China
HiTauing,Amazon Store,hitauing_service@163.com,Aquarium Heater,Amazon/eBay,China
HITOP,Amazon Store,hitop_service@163.com,Aquarium Heater,Amazon/eBay,China
QZQ,Amazon Store,qzq_service@outlook.com,Aquarium Heater,Amazon/eBay,China
Aqueon,https://www.aqueon.com,info@aqueon.com,Aquarium Heater,Brand Site,USA
Finnex,https://www.finnex.net,sales@finnex.net,Aquarium Heater,Brand Site,USA
Marineland,https://www.marineland.com,info@marineland.com,Aquarium Heater,Brand Site,USA
Marina,https://www.hagen.com,info@hagen.com,Aquarium Heater,Brand Site,Canada
ViaAqua,http://www.commodityaxis.com,info@commodityaxis.com,Aquarium Heater,Brand Site,USA
JBJ,https://www.jbjaquarium.com,info@jbjaquarium.com,Aquarium Heater,Brand Site,USA
Freesea,Amazon Store,freesea_service@163.com,Aquarium Heater,Amazon/eBay,China
DaToo,Amazon Store,datoo_service@outlook.com,Aquarium Heater,Amazon/eBay,China
MingDak,https://www.mingdak.com,support@mingdak.com,Aquarium Heater,Brand Site,China/USA
Boxtech,https://boxtech.com,info@boxtech.com,Aquarium Heater,Brand Site,China
Uniclife,https://uniclife.com,support@uniclife.com,Aquarium Heater,Brand Site,China/USA
PULACO,Amazon Store,pulaco_service@163.com,Aquarium Heater,Amazon/eBay,China
Zacro,https://zacro.com,support@zacro.com,Aquarium Heater,Brand Site,China
Fedour,Amazon Store,fedour_service@163.com,Aquarium Heater,Amazon/eBay,China
Kedsum,https://kedsum.com,service@kedsum.com,Aquarium Heater,Brand Site,China
Vobon,Amazon Store,vobon_service@outlook.com,Aquarium Heater,Amazon/eBay,China
VIVOSUN,https://vivosun.com,support@vivosun.com,Aquarium Heater,Brand Site,USA/China
RS Electrical,http://www.rs-electrical.com,info@rs-electrical.com,Aquarium Heater,Brand Site,China
Minjiang,http://www.mj-aquarium.com,info@mj-aquarium.com,Aquarium Heater,Brand Site,China
Risheng,http://www.risheng.com,info@risheng.com,Aquarium Heater,Brand Site,China
Chuangxing,http://www.chuangxing.com,info@chuangxing.com,Aquarium Heater,Brand Site,China
Giesemann,https://www.giesemann.de,info@giesemann.de,Aquarium Heater,Brand Site,Germany
Schego,https://www.schego.de,info@schego.de,Aquarium Heater,Brand Site,Germany
Rena,https://www.rena.fr,info@rena.fr,Aquarium Heater,Brand Site,France
Dupla,https://www.dupla-marin.com,info@dupla-marin.com,Aquarium Heater,Brand Site,Germany
Dennerle,https://www.dennerle.com,info@dennerle.com,Aquarium Heater,Brand Site,Germany
Juwel,https://www.juwel-aquarium.de,service@juwel-aquarium.de,Aquarium Heater,Brand Site,Germany
Aquael,https://www.aquael.pl,info@aquael.pl,Aquarium Heater,Brand Site,Poland
Ferplast,https://www.ferplast.com,info@ferplast.com,Aquarium Heater,Brand Site,Italy
Wave,https://www.wave-aquarium.com,info@wave-aquarium.com,Aquarium Heater,Brand Site,Italy
Blau Aquaristic,https://www.blau-aquaristic.com,info@blau-aquaristic.com,Aquarium Heater,Brand Site,Spain
Prodac,https://www.prodacinternational.it,info@prodac.it,Aquarium Heater,Brand Site,Italy
Ocean Free,https://www.yeehuo.com,info@yeehuo.com,Aquarium Heater,Brand Site,Singapore
Qian Hu,https://www.qianhu.com,info@qianhu.com,Aquarium Heater,Brand Site,Singapore
UP Aqua,http://www.up-aqua.com,info@up-aqua.com,Aquarium Heater,Brand Site,Taiwan
Shiruba,http://www.shiruba.com,info@shiruba.com,Aquarium Heater,Brand Site,Taiwan
GEX,https://www.gex-fp.co.jp,info@gex-fp.co.jp,Aquarium Heater,Brand Site,Japan
Kotobuki,https://www.kotobuki-amp.co.jp,info@kotobuki-amp.co.jp,Aquarium Heater,Brand Site,Japan
Nisso,https://www.nisso-int.co.jp,info@nisso-int.co.jp,Aquarium Heater,Brand Site,Japan
Kamihata,https://www.kamihata.co.jp,info@kamihata.co.jp,Aquarium Heater,Brand Site,Japan
Hikari,https://www.hikari.info,info@hikari.info,Aquarium Heater,Brand Site,Japan
Kyorin,https://www.kyorin-food.co.jp,info@kyorin-food.co.jp,Aquarium Heater,Brand Site,Japan
Sudo,https://www.sudo.jp,info@sudo.jp,Aquarium Heater,Brand Site,Japan
ADA,https://www.adana.co.jp,info@adana.co.jp,Aquarium Heater,Brand Site,Japan
Bulk Reef Supply,https://www.bulkreefsupply.com,support@bulkreefsupply.com,Aquarium Heater,Store/Brand,USA
PhatroyYee,Amazon Store,support@phatroyyee.com,Solar Bug Zapper,Amazon/eBay,China
TYPEC,Amazon Store,typec_service@outlook.com,Solar Bug Zapper,Amazon/eBay,China
Dnenellr,Amazon Store,dnenellr_service@163.com,Solar Bug Zapper,Amazon/eBay,China
Anysun,https://anysuntech.com,support@anysuntech.com,Solar Bug Zapper,Brand Site,China
LiBa,https://liba-usa.com,info@liba-usa.com,Solar Bug Zapper,Brand Site,USA
OnBeam,Amazon Store,onbeam_service@163.com,Solar Bug Zapper,Amazon/eBay,China
Langy Energy,https://www.langy-energy.com,sales@langy-energy.com,Solar Bug Zapper,Brand Site,China/USA
Livin' Well,Amazon Store,support@livinwell.com,Solar Bug Zapper,Amazon/eBay,USA
Qremove,Amazon Store,qremove_service@163.com,Solar Bug Zapper,Amazon/eBay,China
MeetUs,Amazon Store,meetus_service@outlook.com,Solar Bug Zapper,Amazon/eBay,China
Bell+Howell,https://www.bellandhowell.com,info@bellandhowell.com,Solar Bug Zapper,Brand Site,USA
Elechome,Amazon Store,elechome_service@163.com,Solar Bug Zapper,Amazon/eBay,China
Black+Decker,https://www.blackanddecker.com,support@blackanddecker.com,Solar Bug Zapper,Brand Site,USA
Flowtron,https://www.flowtron.com,info@flowtron.com,Solar Bug Zapper,Brand Site,USA
DynaTrap,https://www.dynatrap.com,info@woodstream.com,Solar Bug Zapper,Brand Site,USA
Aspectek,https://www.aspectek.com,info@aspectek.com,Solar Bug Zapper,Brand Site,Canada/USA
Stinger,https://www.stingerproducts.com,info@stingerproducts.com,Solar Bug Zapper,Brand Site,USA
Burgess,https://www.burgessinsectfogger.com,info@burgessinsectfogger.com,Solar Bug Zapper,Brand Site,USA
Thermacell,https://www.thermacell.com,info@thermacell.com,Solar Bug Zapper,Brand Site,USA
Skeeter Hawk,https://skeeterhawk.com,support@skeeterhawk.com,Solar Bug Zapper,Brand Site,USA
Toughasnails,Amazon Store,support@toughasnails.com,Solar Bug Zapper,Amazon/eBay,USA
Zap It!,Amazon Store,info@zapit.com,Solar Bug Zapper,Amazon/eBay,USA
Gladtop,Amazon Store,gladtop_service@163.com,Solar Bug Zapper,Amazon/eBay,China
Hontest,Amazon Store,hontest_service@outlook.com,Solar Bug Zapper,Amazon/eBay,China
GLOUE,Amazon Store,gloue_service@163.com,Solar Bug Zapper,Amazon/eBay,China
Fraxin,Amazon Store,fraxin_service@outlook.com,Solar Bug Zapper,Amazon/eBay,China
TBI Pro,https://tbi-pro.com,support@tbi-pro.com,Solar Bug Zapper,Brand Site,USA
Hemiua,Amazon Store,hemiua_service@163.com,Solar Bug Zapper,Amazon/eBay,China
Douhe,http://www.douhe.com.cn,sales@douhe.com.cn,Solar Bug Zapper,Brand Site,China
Galaxid,Amazon Store,galaxid_service@outlook.com,Solar Bug Zapper,Amazon/eBay,China
Gutia,Amazon Store,gutia_service@163.com,Solar Bug Zapper,Amazon/eBay,China
Katchy,https://katchybug.com,support@katchybug.com,Solar Bug Zapper,Brand Site,USA
Neatmaster,https://neatmaster.com,support@neatmaster.com,Solar Bug Zapper,Brand Site,China/USA
Hoont,https://hoont.com,info@hoont.com,Solar Bug Zapper,Brand Site,USA
Victor,https://www.victorpest.com,info@woodstream.com,Solar Bug Zapper,Brand Site,USA
Terro,https://www.terro.com,info@woodstream.com,Solar Bug Zapper,Brand Site,USA
PIC Corporation,https://www.pic-corp.com,info@pic-corp.com,Solar Bug Zapper,Brand Site,USA
Woodstream,https://www.woodstream.com,info@woodstream.com,Solar Bug Zapper,Brand Site,USA
Spectrum Brands,https://www.spectrumbrands.com,info@spectrumbrands.com,Solar Bug Zapper,Brand Site,USA
SC Johnson,https://www.scjohnson.com,info@scjohnson.com,Solar Bug Zapper,Brand Site,USA
Central Garden & Pet,https://www.central.com,info@central.com,Solar Bug Zapper,Brand Site,USA
Scotts Miracle-Gro,https://scottsmiraclegro.com,info@scotts.com,Solar Bug Zapper,Brand Site,USA
BASF Pest Control,https://pestcontrol.basf.com,info@basf.com,Solar Bug Zapper,Brand Site,Germany
Syngenta,https://www.syngenta.com,info@syngenta.com,Solar Bug Zapper,Brand Site,Switzerland
Bayer Environmental Science,https://www.environmentalscience.bayer.us,info@bayer.com,Solar Bug Zapper,Brand Site,Germany
FMC Corporation,https://www.fmc.com,info@fmc.com,Solar Bug Zapper,Brand Site,USA
Rollins,https://www.rollins.com,info@rollins.com,Solar Bug Zapper,Brand Site,USA
Terminix,https://www.terminix.com,info@terminix.com,Solar Bug Zapper,Brand Site,USA
Ecolab,https://www.ecolab.com,info@ecolab.com,Solar Bug Zapper,Brand Site,USA
Anticimex,https://www.anticimex.com,info@anticimex.com,Solar Bug Zapper,Brand Site,Sweden
